role,department,hour,location,device_type,failed_attempts_24h,anomaly_score,latency_ms,Serveur_x_failed
Employe,RH,15,Maroc,Serveur,4,0.138,278.6,4
Externe,Production,1,Russie,Mobile,1,0.326,59.3,0
Manager,Finance,5,Chine,Desktop,0,0.406,167.4,0
Employe,Production,20,USA,Mobile,3,0.049,85.4,0
Employe,Production,11,USA,Mobile,1,0.0,76.6,0
Employe,RH,4,USA,Mobile,1,0.393,64.7,0
Admin,Production,1,Maroc,Desktop,2,0.365,53.0,0
Externe,RH,15,Chine,Serveur,0,0.033,247.0,0
Employe,IT,4,Russie,Mobile,5,0.35,59.6,0
Manager,IT,14,France,Desktop,3,0.058,79.2,0
Admin,RH,11,France,Desktop,0,0.009,66.8,0
Externe,IT,3,USA,Desktop,3,0.348,87.2,0
Manager,Finance,14,Chine,Serveur,1,0.0,288.3,1
Employe,Production,10,Maroc,Desktop,0,0.138,88.7,0
Employe,Finance,15,Chine,Desktop,1,0.062,160.9,0
Employe,Production,22,Chine,Serveur,1,0.041,262.1,1
Employe,IT,5,Maroc,Desktop,1,0.386,75.4,0
Employe,Finance,13,USA,Desktop,0,0.032,72.0,0
Employe,IT,17,Chine,Desktop,1,0.0,174.3,0
Employe,Production,11,France,Desktop,2,0.102,71.6,0
Employe,RH,10,Maroc,Desktop,4,0.123,58.7,0
Admin,RH,12,Russie,Mobile,3,0.028,74.8,0
Employe,Finance,20,USA,Desktop,1,0.06,89.7,0
Employe,IT,22,Maroc,Desktop,3,0.048,72.9,0
Employe,IT,10,Russie,Mobile,1,0.03,62.7,0
Manager,Finance,22,Russie,Mobile,2,0.07,82.9,0
Employe,RH,15,Chine,Mobile,2,0.108,170.1,0
Employe,Production,14,Chine,Mobile,2,0.008,159.7,0
Employe,Finance,20,Chine,Desktop,1,0.038,181.7,0
Admin,Production,14,Maroc,Mobile,0,0.101,77.6,0
Employe,RH,3,Maroc,Mobile,3,0.351,62.4,0
Employe,IT,10,USA,Desktop,1,0.03,55.3,0
Admin,RH,18,Chine,Serveur,0,0.101,265.1,0
Externe,Finance,14,Russie,Desktop,2,0.072,66.2,0
Externe,IT,3,France,Mobile,0,0.226,60.5,0
Manager,Finance,20,USA,Desktop,1,0.0,75.6,0
Employe,Finance,12,Maroc,Mobile,2,0.074,83.4,0
Admin,RH,21,USA,Mobile,1,0.041,75.9,0
Manager,Finance,18,USA,Serveur,5,0.108,328.6,5
Employe,RH,1,USA,Desktop,3,0.468,77.7,0
Admin,IT,13,USA,Mobile,1,0.0,87.7,0
Employe,RH,3,France,Mobile,1,0.316,73.8,0
Admin,IT,15,Chine,Mobile,0,0.0,170.3,0
Externe,RH,20,Russie,Mobile,0,0.058,73.1,0
Employe,Production,19,USA,Mobile,2,0.0,74.9,0
Manager,Production,13,USA,Mobile,2,0.093,88.1,0
Employe,Finance,14,USA,Desktop,4,0.128,75.6,0
Employe,RH,2,Chine,Mobile,0,0.417,176.3,0
Employe,RH,7,Maroc,Desktop,1,0.052,64.7,0
Employe,IT,15,Maroc,Serveur,1,0.002,185.1,1
Externe,Finance,9,France,Mobile,1,0.043,68.1,0
Manager,RH,3,Maroc,Serveur,2,0.302,211.5,2
Externe,Finance,17,USA,Desktop,0,0.016,68.0,0
Externe,Production,1,USA,Serveur,1,0.31,171.1,1
Employe,RH,16,USA,Serveur,0,0.0,157.1,0
Externe,RH,12,France,Mobile,3,0.015,70.2,0
Admin,Finance,3,USA,Mobile,2,0.355,64.1,0
Employe,RH,10,Maroc,Desktop,1,0.061,71.6,0
Admin,Finance,6,Chine,Serveur,1,0.0,261.3,1
Employe,RH,11,Chine,Mobile,2,0.006,154.5,0
Employe,IT,9,Russie,Desktop,1,0.028,67.6,0
Employe,Finance,6,Maroc,Desktop,0,0.0,47.0,0
Manager,RH,12,USA,Serveur,5,0.187,308.3,5
Employe,Production,6,Chine,Serveur,4,0.044,341.2,4
Employe,RH,23,Maroc,Serveur,2,0.0,217.3,2
Employe,Production,16,Chine,Mobile,0,0.0,170.7,0
Admin,Production,9,USA,Desktop,3,0.067,50.1,0
Manager,IT,9,Chine,Desktop,2,0.002,159.9,0
Admin,Finance,23,Russie,Desktop,6,0.169,103.1,0
Externe,RH,3,Russie,Desktop,3,0.38,57.0,0
Manager,IT,19,Chine,Desktop,1,0.0,175.0,0
Employe,RH,3,Maroc,Desktop,2,0.314,84.1,0
Admin,Production,21,Maroc,Mobile,1,0.0,70.9,0
Manager,Finance,6,Maroc,Serveur,3,0.0,243.0,3
Manager,RH,21,Chine,Mobile,0,0.019,179.5,0
Manager,RH,0,Maroc,Serveur,4,0.339,264.6,4
Manager,Production,11,USA,Mobile,3,0.15,85.4,0
Admin,RH,23,Russie,Desktop,1,0.024,80.6,0
Employe,RH,12,USA,Desktop,2,0.0,74.3,0
Admin,Production,9,Maroc,Desktop,0,0.0,72.3,0
Externe,IT,14,USA,Desktop,6,0.173,71.4,0
Employe,Production,12,Maroc,Mobile,3,0.056,62.6,0
Employe,IT,22,Chine,Desktop,1,0.07,183.5,0
Admin,Finance,21,USA,Desktop,0,0.0,79.5,0
Employe,IT,21,Chine,Desktop,3,0.032,172.0,0
Employe,IT,20,Chine,Serveur,0,0.056,255.8,0
Manager,Finance,21,France,Mobile,2,0.0,46.8,0
Employe,IT,8,Maroc,Mobile,2,0.064,61.2,0
Externe,Production,8,Russie,Desktop,3,0.049,72.9,0
Employe,IT,14,Maroc,Mobile,2,0.084,57.7,0
Admin,Finance,9,Russie,Mobile,2,0.131,64.1,0
Manager,Production,23,Maroc,Mobile,2,0.02,109.7,0
Manager,Finance,9,Chine,Serveur,3,0.033,334.6,3
Employe,Finance,7,USA,Desktop,2,0.073,77.0,0
Manager,RH,23,USA,Serveur,1,0.0,184.4,1
Employe,RH,15,France,Serveur,2,0.121,221.8,2
Employe,Finance,16,Russie,Desktop,3,0.132,67.5,0
Employe,Finance,4,Russie,Mobile,2,0.29,71.6,0
Admin,Finance,3,Russie,Serveur,0,0.221,151.8,0
Admin,RH,17,Chine,Desktop,3,0.002,181.6,0
Admin,RH,23,Russie,Mobile,3,0.003,81.2,0
Employe,IT,18,USA,Serveur,2,0.08,223.0,2
Employe,IT,3,Chine,Mobile,1,0.397,173.2,0
Employe,Finance,6,Maroc,Desktop,6,0.16,72.0,0
Externe,Production,9,Russie,Mobile,6,0.108,66.6,0
Employe,Production,17,Russie,Desktop,3,0.077,87.9,0
Employe,RH,18,Maroc,Mobile,3,0.017,92.0,0
Manager,RH,3,Russie,Desktop,2,0.395,67.1,0
Employe,RH,9,Maroc,Mobile,0,0.022,64.8,0
Admin,Finance,0,Chine,Mobile,1,0.359,155.3,0
Employe,Production,22,USA,Mobile,1,0.0,86.4,0
Employe,IT,17,Maroc,Mobile,0,0.0,79.0,0
Externe,Finance,4,France,Mobile,4,0.416,73.2,0
Manager,IT,14,Maroc,Mobile,3,0.132,77.6,0
Employe,IT,16,Russie,Desktop,3,0.03,94.4,0
Externe,Finance,2,Chine,Mobile,1,0.359,138.5,0
Manager,IT,11,Chine,Desktop,2,0.004,161.7,0
Employe,Production,1,Maroc,Serveur,2,0.446,205.9,2
Externe,IT,0,USA,Desktop,1,0.299,76.5,0
Employe,Production,22,France,Mobile,2,0.072,90.6,0
Manager,Production,20,Chine,Mobile,0,0.008,185.3,0
Externe,Production,16,Russie,Mobile,1,0.15,92.6,0
Employe,RH,21,Russie,Desktop,0,0.011,80.2,0
Admin,IT,15,USA,Mobile,1,0.0,79.0,0
Employe,Finance,4,Chine,Mobile,3,0.392,166.4,0
Employe,Finance,14,Maroc,Mobile,2,0.071,63.3,0
Manager,IT,2,Russie,Desktop,3,0.352,85.0,0
Externe,RH,6,USA,Mobile,2,0.0,62.7,0
Admin,RH,10,Chine,Mobile,1,0.0,171.4,0
Employe,Production,9,Chine,Mobile,3,0.104,156.9,0
Employe,IT,8,Chine,Mobile,1,0.0,167.1,0
Employe,IT,13,Chine,Mobile,2,0.028,188.4,0
Admin,Finance,12,Chine,Desktop,3,0.11,169.6,0
Employe,IT,1,Russie,Desktop,2,0.335,52.4,0
Externe,RH,2,USA,Desktop,1,0.429,72.0,0
Employe,IT,6,Chine,Desktop,4,0.0,148.6,0
Employe,Finance,20,France,Mobile,1,0.0,64.4,0
Manager,Production,17,France,Mobile,2,0.0,68.2,0
Employe,Finance,2,USA,Desktop,0,0.4,64.1,0
Externe,Finance,9,Maroc,Serveur,0,0.0,133.6,0
Externe,Production,21,Maroc,Desktop,1,0.0,94.8,0
Employe,Finance,6,Maroc,Mobile,3,0.029,79.1,0
Employe,Finance,8,France,Mobile,1,0.0,68.2,0
Employe,IT,16,Maroc,Desktop,1,0.0,77.8,0
Employe,IT,10,Russie,Desktop,0,0.002,63.7,0
Admin,Production,6,Chine,Mobile,2,0.08,153.2,0
Employe,IT,23,France,Desktop,1,0.011,101.0,0
Employe,IT,13,USA,Serveur,2,0.041,210.5,2
Admin,Finance,18,USA,Mobile,1,0.0,72.4,0
Employe,RH,3,Chine,Serveur,1,0.244,284.4,1
Externe,IT,5,France,Desktop,4,0.288,68.3,0
Employe,RH,9,Maroc,Mobile,2,0.022,74.1,0
Admin,IT,6,Maroc,Mobile,0,0.004,55.1,0
Employe,IT,12,Russie,Mobile,1,0.0,78.2,0
Externe,Production,13,Russie,Desktop,2,0.0,79.3,0
Employe,Production,3,Maroc,Mobile,4,0.39,83.4,0
Manager,Production,7,USA,Mobile,1,0.101,57.5,0
Manager,RH,4,USA,Mobile,0,0.294,66.9,0
Employe,Finance,0,Russie,Desktop,3,0.331,82.7,0
Manager,IT,3,Chine,Serveur,1,0.317,274.7,1
Employe,IT,2,Maroc,Desktop,5,0.345,74.9,0
Employe,IT,8,Russie,Serveur,2,0.0,224.9,2
Employe,RH,7,Russie,Serveur,6,0.143,307.7,6
Employe,Production,0,Maroc,Serveur,0,0.35,141.2,0
Admin,Finance,5,Maroc,Mobile,2,0.333,70.8,0
Manager,RH,8,USA,Mobile,1,0.0,44.0,0
Employe,Production,6,Chine,Serveur,2,0.058,296.7,2
Employe,RH,3,Chine,Desktop,0,0.403,160.9,0
Admin,Finance,12,Maroc,Mobile,2,0.028,77.7,0
Employe,Production,16,France,Mobile,2,0.031,57.9,0
Manager,RH,1,Russie,Mobile,1,0.276,81.4,0
Admin,Finance,4,Russie,Desktop,3,0.384,78.3,0
Employe,IT,11,Maroc,Mobile,1,0.0,56.0,0
Employe,Finance,20,France,Serveur,0,0.051,172.3,0
Employe,IT,7,USA,Desktop,1,0.0,66.5,0
Employe,RH,5,Maroc,Serveur,1,0.337,180.6,1
Manager,Production,7,Maroc,Desktop,2,0.038,54.8,0
Employe,Production,17,Russie,Desktop,3,0.138,86.5,0
Externe,RH,2,Maroc,Desktop,5,0.42,71.0,0
Admin,Production,21,Maroc,Desktop,1,0.089,78.2,0
Employe,Production,11,Maroc,Serveur,2,0.045,194.9,2
Admin,IT,2,Russie,Desktop,3,0.351,58.6,0
Externe,RH,21,USA,Mobile,3,0.058,78.8,0
Externe,Finance,5,USA,Desktop,3,0.321,82.0,0
Employe,IT,1,Maroc,Mobile,0,0.327,73.2,0
Manager,RH,22,Russie,Mobile,3,0.025,79.5,0
Manager,IT,11,USA,Desktop,3,0.066,65.0,0
Employe,Finance,1,USA,Desktop,2,0.383,76.7,0
Employe,Finance,5,USA,Serveur,4,0.459,278.5,4
Employe,RH,16,Russie,Desktop,2,0.048,78.5,0
Admin,Finance,2,Russie,Mobile,1,0.363,60.5,0
Externe,IT,1,Maroc,Desktop,0,0.337,63.7,0
Externe,Finance,22,Chine,Mobile,2,0.021,183.9,0
Employe,IT,19,USA,Desktop,0,0.105,81.8,0
Employe,IT,7,Chine,Mobile,3,0.031,169.1,0
Employe,Finance,21,Russie,Desktop,1,0.025,90.1,0
Manager,RH,11,Russie,Serveur,0,0.073,140.2,0
Externe,Production,3,Russie,Desktop,2,0.411,66.0,0
Externe,Finance,4,Chine,Mobile,0,0.301,161.2,0
Manager,IT,12,Russie,Mobile,1,0.07,84.7,0
Employe,IT,14,Maroc,Desktop,1,0.009,93.9,0
Admin,Finance,22,Russie,Mobile,2,0.016,79.0,0
Employe,RH,15,France,Desktop,1,0.0,70.8,0
Externe,RH,9,Chine,Serveur,0,0.036,253.4,0
Employe,IT,22,France,Serveur,1,0.061,188.4,1
Admin,IT,15,Russie,Serveur,0,0.0,161.1,0
Admin,RH,11,Maroc,Desktop,2,0.053,68.4,0
Manager,Production,16,USA,Mobile,2,0.173,63.5,0
Admin,Finance,15,Russie,Mobile,1,0.077,62.6,0
Employe,IT,11,Maroc,Serveur,2,0.0,203.1,2
Employe,IT,7,Chine,Mobile,3,0.11,177.1,0
Manager,RH,19,France,Serveur,1,0.0,179.6,1
Manager,Finance,2,France,Mobile,2,0.195,55.5,0
Employe,RH,15,France,Mobile,3,0.059,77.0,0
Manager,Finance,12,Chine,Desktop,2,0.118,156.0,0
Employe,Finance,22,Maroc,Mobile,3,0.13,91.2,0
Employe,Finance,18,Chine,Mobile,2,0.059,163.9,0
Manager,IT,7,France,Mobile,2,0.013,66.7,0
Employe,Production,21,Russie,Mobile,1,0.044,75.2,0
Manager,RH,4,USA,Mobile,6,0.407,62.8,0
Manager,Production,19,Chine,Desktop,2,0.014,181.8,0
Employe,RH,7,Chine,Mobile,2,0.093,172.2,0
Admin,Finance,23,Maroc,Mobile,1,0.0,88.3,0
Employe,IT,11,Maroc,Mobile,1,0.076,71.6,0
Employe,Production,0,Chine,Desktop,1,0.29,163.8,0
Employe,IT,20,France,Desktop,2,0.143,89.5,0
Externe,RH,19,USA,Desktop,5,0.018,83.7,0
Employe,IT,5,Maroc,Mobile,2,0.292,65.2,0
Externe,IT,21,France,Desktop,1,0.012,88.5,0
Employe,Production,17,Russie,Mobile,1,0.0,67.5,0
Manager,Finance,7,Maroc,Serveur,2,0.0,211.4,2
Employe,IT,6,France,Desktop,3,0.0,66.8,0
Employe,Finance,0,France,Mobile,1,0.305,84.0,0
Employe,RH,20,USA,Mobile,2,0.027,86.2,0
Employe,IT,15,USA,Serveur,5,0.117,316.3,5
Manager,Production,11,Russie,Mobile,1,0.01,51.3,0
Employe,RH,5,France,Mobile,2,0.355,81.1,0
Admin,RH,19,France,Serveur,4,0.057,292.6,4
Employe,Production,1,USA,Mobile,4,0.416,83.2,0
Employe,IT,13,Maroc,Serveur,3,0.09,244.3,3
Externe,IT,3,Maroc,Desktop,2,0.324,64.0,0
Externe,RH,0,Chine,Serveur,2,0.367,293.8,2
Externe,IT,22,USA,Mobile,1,0.01,73.4,0
Employe,Finance,17,Chine,Mobile,1,0.0,175.2,0
Admin,Production,12,USA,Desktop,1,0.065,53.1,0
Externe,Finance,1,Russie,Mobile,3,0.315,56.4,0
Employe,IT,8,France,Desktop,4,0.125,67.9,0
Externe,RH,20,Russie,Serveur,0,0.016,161.3,0
Externe,Production,1,USA,Serveur,3,0.356,226.0,3
Externe,IT,8,France,Desktop,3,0.0,49.7,0
Employe,IT,0,Maroc,Serveur,2,0.417,195.8,2
Employe,RH,10,Maroc,Mobile,3,0.042,64.5,0
Externe,RH,2,Chine,Mobile,5,0.432,191.6,0
Employe,Finance,19,USA,Desktop,3,0.054,91.3,0
Employe,Production,22,USA,Desktop,1,0.006,85.4,0
Employe,Production,3,Maroc,Desktop,2,0.35,74.0,0
Externe,RH,17,Russie,Desktop,0,0.001,85.7,0
Manager,Finance,22,France,Serveur,2,0.027,230.8,2
Employe,Production,5,Russie,Desktop,3,0.357,68.7,0
Admin,RH,2,Russie,Serveur,4,0.401,260.6,4
Employe,IT,21,Maroc,Desktop,0,0.025,81.2,0
Externe,Production,10,Maroc,Mobile,1,0.022,75.9,0
Admin,Finance,14,Maroc,Mobile,1,0.051,70.3,0
Employe,Finance,21,Chine,Serveur,1,0.0,280.5,1
Externe,Finance,4,Russie,Desktop,0,0.411,55.2,0
Manager,IT,19,USA,Mobile,1,0.094,81.1,0
Manager,Production,9,France,Mobile,2,0.078,56.4,0
Manager,Production,11,Chine,Desktop,3,0.0,162.1,0
Employe,IT,14,USA,Desktop,4,0.11,90.0,0
Employe,Production,16,Russie,Mobile,1,0.003,73.6,0
Manager,IT,9,Maroc,Mobile,4,0.031,57.2,0
Manager,IT,5,Russie,Mobile,1,0.302,72.7,0
Externe,IT,17,France,Desktop,2,0.0,94.7,0
Externe,Finance,12,Chine,Mobile,1,0.045,168.6,0
Employe,Production,2,Chine,Mobile,2,0.421,146.3,0
Employe,IT,23,France,Mobile,5,0.141,96.7,0
Manager,Production,9,USA,Serveur,2,0.178,214.1,2
Employe,Finance,13,USA,Mobile,0,0.0,70.4,0
Manager,IT,5,Chine,Mobile,2,0.315,167.9,0
Manager,RH,2,Chine,Desktop,2,0.293,156.6,0
Externe,Finance,15,Maroc,Mobile,2,0.101,91.7,0
Employe,RH,6,USA,Desktop,1,0.009,41.0,0
Employe,Production,19,France,Mobile,5,0.109,79.8,0
Admin,Production,13,USA,Mobile,1,0.052,68.2,0
Employe,Finance,8,Maroc,Serveur,1,0.0,180.5,1
Admin,Production,14,Chine,Desktop,3,0.029,184.5,0
Employe,RH,20,Chine,Mobile,4,0.13,182.9,0
Employe,IT,2,Maroc,Mobile,4,0.353,69.0,0
Employe,IT,1,France,Desktop,0,0.214,62.9,0
Employe,IT,1,Chine,Desktop,1,0.275,173.0,0
Admin,Finance,2,Russie,Desktop,2,0.326,76.4,0
Admin,Production,17,Chine,Desktop,1,0.028,171.2,0
Manager,RH,13,Russie,Desktop,1,0.016,74.5,0
Employe,Production,19,Maroc,Desktop,1,0.0,82.3,0
Admin,Production,17,Maroc,Desktop,5,0.147,80.2,0
Employe,Production,9,Chine,Mobile,3,0.054,169.4,0
Manager,IT,1,USA,Mobile,4,0.39,67.3,0
Employe,RH,21,Russie,Serveur,1,0.0,193.1,1
Employe,RH,0,France,Mobile,1,0.395,52.3,0
Admin,Production,3,Chine,Mobile,1,0.3,157.3,0
Admin,IT,13,France,Serveur,1,0.024,188.6,1
Employe,IT,0,Chine,Mobile,1,0.372,152.8,0
Employe,RH,13,USA,Mobile,2,0.054,76.4,0
Employe,IT,15,USA,Mobile,0,0.013,72.2,0
Manager,IT,21,USA,Desktop,2,0.0,91.8,0
Externe,IT,13,USA,Desktop,7,0.174,82.9,0
Employe,Finance,19,Maroc,Mobile,2,0.043,75.7,0
Employe,Production,2,Maroc,Mobile,3,0.387,66.3,0
Manager,RH,2,Russie,Desktop,1,0.329,46.3,0
Employe,RH,8,France,Serveur,2,0.012,201.2,2
Employe,Finance,5,Chine,Mobile,2,0.385,160.2,0
Admin,Production,12,Chine,Mobile,3,0.07,168.6,0
Admin,RH,20,Maroc,Serveur,1,0.0,183.6,1
Externe,IT,1,Chine,Mobile,4,0.445,160.6,0
Manager,RH,7,Maroc,Serveur,3,0.0,242.4,3
Manager,IT,20,Russie,Mobile,3,0.105,71.4,0
Employe,Finance,1,France,Desktop,7,0.514,62.4,0
Employe,IT,3,Russie,Mobile,3,0.305,59.7,0
Employe,RH,14,USA,Mobile,5,0.094,69.9,0
Employe,RH,3,USA,Mobile,3,0.349,59.7,0
Employe,RH,12,USA,Serveur,2,0.031,205.7,2
Manager,Finance,11,Russie,Mobile,2,0.132,74.8,0
Manager,Finance,12,Chine,Mobile,1,0.0,174.7,0
Employe,Production,13,France,Serveur,3,0.045,247.5,3
Externe,RH,19,USA,Mobile,0,0.075,62.4,0
Manager,IT,17,USA,Mobile,1,0.004,79.5,0
Employe,Finance,5,USA,Serveur,1,0.273,182.8,1
Employe,RH,10,France,Desktop,2,0.053,60.5,0
Employe,RH,1,USA,Mobile,2,0.38,83.4,0
Employe,Finance,22,France,Serveur,0,0.0,173.9,0
Employe,Production,18,USA,Mobile,3,0.088,78.7,0
Manager,Finance,18,Russie,Mobile,1,0.0,71.0,0
Admin,Finance,4,Russie,Mobile,0,0.234,81.9,0
Admin,IT,18,France,Mobile,3,0.038,78.3,0
Admin,IT,1,Russie,Serveur,2,0.37,207.1,2
Admin,Production,9,France,Desktop,0,0.038,65.7,0
Externe,RH,1,Russie,Desktop,3,0.301,86.6,0
Manager,Finance,10,Russie,Desktop,2,0.076,65.9,0
Employe,Production,17,France,Mobile,1,0.028,76.4,0
Admin,IT,23,Chine,Mobile,2,0.0,176.2,0
Employe,Finance,14,Russie,Serveur,2,0.0,207.1,2
Employe,RH,8,USA,Mobile,3,0.071,54.5,0
Employe,IT,22,Chine,Mobile,5,0.164,181.5,0
Employe,IT,18,France,Desktop,2,0.042,60.6,0
Employe,IT,8,Chine,Mobile,0,0.0,170.8,0
Employe,Production,2,Maroc,Mobile,2,0.247,64.4,0
Employe,RH,20,Maroc,Desktop,0,0.076,85.5,0
Admin,Finance,8,Russie,Desktop,2,0.092,65.2,0
Employe,Production,13,Russie,Desktop,3,0.075,73.2,0
Employe,Production,18,USA,Desktop,0,0.074,96.1,0
Employe,Production,6,Chine,Mobile,2,0.051,153.4,0
Externe,IT,15,Maroc,Desktop,1,0.0,75.3,0
Manager,RH,15,Russie,Mobile,2,0.068,77.9,0
Employe,Production,0,Chine,Serveur,3,0.319,344.2,3
Admin,Finance,3,Russie,Mobile,4,0.33,72.1,0
Employe,RH,3,Russie,Serveur,0,0.339,152.9,0
Admin,Finance,6,Maroc,Mobile,0,0.043,48.1,0
Employe,RH,7,Maroc,Mobile,1,0.0,52.4,0
Externe,Finance,16,Russie,Serveur,1,0.0,172.3,1
Employe,IT,4,France,Desktop,6,0.398,47.2,0
Employe,Production,6,Russie,Serveur,3,0.024,233.9,3
Employe,Finance,19,Russie,Desktop,1,0.044,77.6,0
Employe,RH,19,USA,Mobile,3,0.062,85.0,0
Employe,Production,3,USA,Desktop,2,0.398,70.8,0
Externe,Production,5,USA,Mobile,1,0.336,73.3,0
Employe,RH,6,France,Mobile,2,0.008,72.7,0
Externe,Finance,17,France,Mobile,3,0.0,75.6,0
Externe,IT,4,Russie,Desktop,1,0.329,75.8,0
Employe,IT,19,USA,Desktop,6,0.034,76.9,0
Admin,Finance,2,France,Desktop,2,0.307,73.5,0
Admin,Production,6,Maroc,Desktop,0,0.0,46.6,0
Admin,Production,21,Russie,Serveur,2,0.015,203.7,2
Admin,Production,13,Chine,Desktop,3,0.0,190.6,0
Manager,Production,6,Russie,Serveur,1,0.0,187.4,1
Admin,Finance,4,Chine,Serveur,3,0.417,323.2,3
Employe,Production,21,USA,Desktop,0,0.057,83.4,0
Manager,RH,4,Chine,Mobile,1,0.397,173.4,0
Admin,Production,22,USA,Desktop,2,0.041,91.9,0
Manager,IT,1,Maroc,Desktop,1,0.334,82.2,0
Employe,Production,20,Chine,Desktop,1,0.078,172.5,0
Admin,Finance,21,Russie,Mobile,3,0.0,71.4,0
Manager,IT,5,USA,Mobile,3,0.4,73.5,0
Employe,Finance,14,Russie,Mobile,1,0.085,64.8,0
Externe,Finance,20,France,Mobile,0,0.0,52.9,0
Manager,IT,9,USA,Desktop,2,0.109,65.6,0
Manager,Finance,22,Chine,Mobile,5,0.203,199.7,0
Employe,Finance,23,USA,Mobile,0,0.039,85.9,0
Employe,Production,6,Russie,Desktop,1,0.05,67.2,0
Manager,RH,4,Maroc,Desktop,2,0.284,72.2,0
Manager,Finance,0,USA,Mobile,1,0.373,54.7,0
Externe,Finance,12,Chine,Desktop,3,0.009,169.0,0
Employe,Finance,20,France,Mobile,2,0.058,67.1,0
Employe,Production,17,Maroc,Desktop,2,0.064,72.9,0
Manager,RH,12,France,Desktop,4,0.0,68.5,0
Employe,IT,20,USA,Desktop,4,0.1,84.0,0
Externe,Production,20,Russie,Desktop,0,0.131,72.3,0
Externe,Production,17,Russie,Mobile,3,0.0,64.6,0
Employe,RH,4,Chine,Mobile,3,0.357,173.2,0
Manager,RH,12,Russie,Mobile,1,0.0,76.3,0
Manager,Production,3,Maroc,Serveur,4,0.335,265.8,4
Admin,IT,16,Russie,Mobile,3,0.0,71.4,0
Externe,Production,2,Chine,Mobile,1,0.328,175.4,0
Employe,RH,16,USA,Desktop,1,0.06,68.7,0
Manager,IT,10,USA,Mobile,1,0.04,83.9,0
Employe,RH,20,Russie,Mobile,1,0.0,66.5,0
Externe,IT,19,France,Desktop,1,0.0,89.0,0
Employe,Finance,22,USA,Mobile,1,0.034,89.7,0
Admin,RH,20,Russie,Desktop,1,0.0,104.1,0
Externe,RH,3,Chine,Mobile,6,0.354,157.4,0
Admin,Production,1,Russie,Serveur,2,0.328,181.3,2
Employe,RH,19,USA,Serveur,0,0.0,171.0,0
Externe,RH,15,Chine,Mobile,2,0.061,160.2,0
Externe,Finance,17,Russie,Mobile,1,0.085,85.1,0
Employe,RH,7,Maroc,Mobile,2,0.17,79.1,0
Employe,Finance,2,Chine,Mobile,3,0.377,171.9,0
Employe,Finance,8,Maroc,Desktop,2,0.072,67.2,0
Employe,Finance,19,France,Mobile,1,0.0,82.5,0
Employe,Finance,5,Chine,Mobile,4,0.353,180.0,0
Manager,IT,9,Maroc,Serveur,2,0.104,213.5,2
Manager,Production,20,USA,Mobile,5,0.086,71.3,0
Manager,IT,9,USA,Mobile,0,0.004,81.9,0
Manager,RH,12,France,Mobile,1,0.081,71.8,0
Admin,IT,16,Chine,Mobile,0,0.0,179.2,0
Employe,IT,8,Chine,Mobile,2,0.115,173.7,0
Admin,RH,16,Chine,Desktop,1,0.049,187.5,0
Employe,RH,23,France,Mobile,2,0.063,97.5,0
Employe,RH,8,Chine,Serveur,2,0.008,303.6,2
Externe,IT,8,USA,Mobile,2,0.065,65.3,0
Employe,IT,0,Maroc,Desktop,3,0.339,67.6,0
Admin,RH,1,USA,Mobile,1,0.343,76.2,0
Admin,Production,15,USA,Serveur,1,0.015,172.0,1
Manager,Production,0,Maroc,Desktop,3,0.408,72.8,0
Employe,Finance,9,USA,Mobile,2,0.038,56.2,0
Admin,RH,17,France,Serveur,5,0.202,332.1,5
Admin,Finance,7,Maroc,Mobile,2,0.026,65.2,0
Manager,Production,20,USA,Serveur,0,0.0,155.8,0
Admin,Finance,10,Russie,Mobile,1,0.037,70.8,0
Manager,RH,22,USA,Mobile,2,0.094,86.8,0
Manager,RH,1,France,Mobile,2,0.394,65.6,0
Admin,RH,7,Chine,Desktop,4,0.088,145.9,0
Admin,IT,21,USA,Desktop,2,0.057,73.5,0
Externe,Finance,7,Chine,Mobile,2,0.057,161.4,0
Employe,Production,16,Russie,Desktop,1,0.0,57.1,0
Employe,Production,14,USA,Mobile,3,0.111,69.6,0
Manager,Production,16,Maroc,Serveur,3,0.0,239.0,3
Externe,IT,22,Chine,Serveur,4,0.026,376.3,4
Externe,IT,23,Russie,Mobile,5,0.103,96.3,0
Manager,RH,12,Maroc,Serveur,0,0.0,139.2,0
Employe,Production,18,Maroc,Mobile,0,0.04,79.5,0
Admin,IT,4,Maroc,Mobile,3,0.382,67.8,0
Manager,RH,11,Maroc,Desktop,0,0.007,65.6,0
Employe,Production,0,USA,Mobile,2,0.284,77.4,0
Employe,Finance,22,USA,Mobile,4,0.081,88.0,0
Externe,RH,4,USA,Mobile,3,0.357,74.0,0
Admin,IT,7,Russie,Mobile,0,0.011,53.3,0
Employe,IT,12,Russie,Desktop,0,0.0,74.3,0
Admin,RH,7,Russie,Mobile,2,0.066,69.0,0
Employe,RH,22,France,Serveur,2,0.023,228.8,2
Admin,IT,10,Russie,Mobile,1,0.041,54.6,0
Admin,Finance,0,USA,Serveur,2,0.38,199.3,2
Admin,Production,12,USA,Serveur,0,0.0,162.3,0
Employe,Finance,18,France,Serveur,3,0.021,241.0,3
Manager,RH,23,France,Serveur,0,0.024,181.2,0
Employe,Finance,2,Russie,Serveur,0,0.234,136.9,0
Externe,IT,23,Chine,Mobile,1,0.076,189.0,0
Employe,RH,16,France,Desktop,2,0.041,73.8,0
Employe,Production,4,Maroc,Mobile,1,0.314,60.1,0
Externe,IT,19,USA,Mobile,4,0.107,74.5,0
Employe,IT,20,Maroc,Desktop,5,0.124,77.9,0
Externe,Production,7,USA,Desktop,1,0.02,62.8,0
Admin,Production,13,USA,Serveur,2,0.084,221.8,2
Externe,Finance,3,France,Serveur,3,0.326,238.4,3
Admin,RH,10,France,Serveur,3,0.096,238.5,3
Externe,Production,19,Maroc,Mobile,2,0.0,90.6,0
Employe,Production,14,USA,Desktop,0,0.026,72.4,0
Externe,RH,18,Maroc,Desktop,0,0.0,71.6,0
Admin,Production,6,Chine,Desktop,0,0.0,149.0,0
Employe,Production,18,Maroc,Desktop,3,0.073,92.6,0
Externe,Finance,18,Russie,Desktop,1,0.018,74.4,0
Employe,IT,10,Maroc,Serveur,5,0.023,290.1,5
Employe,IT,4,Russie,Mobile,2,0.234,58.7,0
Manager,IT,4,Russie,Desktop,3,0.352,82.2,0
Employe,IT,21,Russie,Desktop,4,0.161,82.2,0
Employe,Production,7,Chine,Mobile,0,0.016,171.0,0
Employe,RH,9,Maroc,Desktop,0,0.0,61.2,0
Externe,RH,5,Maroc,Serveur,0,0.354,139.6,0
Admin,Finance,14,Chine,Mobile,1,0.065,170.3,0
Employe,Finance,15,USA,Mobile,1,0.084,75.5,0
Externe,Production,16,France,Desktop,1,0.054,75.0,0
Externe,RH,7,Maroc,Desktop,1,0.064,61.7,0
Employe,RH,7,France,Mobile,2,0.077,60.3,0
Employe,IT,8,Chine,Mobile,1,0.0,154.1,0
Employe,Production,1,USA,Mobile,1,0.238,61.1,0
Employe,Production,14,USA,Desktop,3,0.034,77.8,0
Employe,IT,17,USA,Mobile,1,0.075,63.9,0
Employe,Production,2,Chine,Mobile,2,0.321,178.8,0
Employe,Production,16,Russie,Serveur,1,0.013,147.5,1
Admin,Finance,3,Russie,Desktop,2,0.282,66.5,0
Externe,RH,3,France,Desktop,3,0.332,72.5,0
Externe,Production,13,Russie,Mobile,3,0.06,65.8,0
Manager,Finance,8,Russie,Mobile,0,0.025,41.7,0
Employe,RH,8,USA,Mobile,2,0.017,61.7,0
Employe,IT,22,USA,Mobile,0,0.0,84.7,0
Manager,Finance,17,France,Mobile,3,0.102,68.1,0
Manager,Finance,9,Maroc,Serveur,3,0.076,228.2,3
Employe,RH,20,France,Mobile,1,0.042,91.3,0
Externe,IT,3,France,Serveur,0,0.376,150.7,0
Manager,Finance,11,Chine,Mobile,1,0.0,151.4,0
Externe,Production,7,Chine,Serveur,1,0.018,275.7,1
Manager,Production,1,France,Serveur,1,0.348,166.1,1
Employe,Production,21,France,Desktop,2,0.0,73.8,0
Employe,IT,12,France,Serveur,4,0.091,273.6,4
Externe,Finance,20,Russie,Desktop,2,0.041,82.7,0
Externe,Production,15,Chine,Serveur,3,0.199,346.4,3
Admin,IT,1,France,Mobile,2,0.345,60.3,0
Admin,Production,10,USA,Desktop,3,0.118,67.2,0
Employe,RH,9,USA,Mobile,3,0.101,59.8,0
Manager,Finance,14,Russie,Serveur,0,0.0,161.9,0
Externe,Finance,16,Russie,Desktop,1,0.0,58.3,0
Employe,IT,7,Maroc,Mobile,2,0.052,60.2,0
Employe,IT,17,Maroc,Mobile,3,0.123,65.8,0
Employe,Finance,22,Maroc,Serveur,0,0.014,172.9,0
Externe,Production,8,Russie,Mobile,1,0.024,60.5,0
Manager,Production,7,Russie,Desktop,4,0.066,52.6,0
Manager,RH,13,Russie,Desktop,2,0.0,76.4,0
Employe,Production,17,USA,Mobile,1,0.0,52.6,0
Employe,IT,21,Russie,Mobile,1,0.0,84.3,0
Employe,IT,19,USA,Serveur,1,0.0,200.0,1
Admin,Production,19,Maroc,Desktop,3,0.034,81.6,0
Externe,IT,20,Maroc,Mobile,1,0.059,77.3,0
Manager,Finance,11,Maroc,Desktop,2,0.018,54.8,0
Externe,Finance,18,France,Desktop,5,0.113,92.3,0
Externe,Production,13,France,Mobile,0,0.007,79.0,0
Employe,Finance,16,Chine,Mobile,3,0.085,170.9,0
Manager,Finance,23,Chine,Mobile,2,0.0,178.3,0
Externe,RH,20,Chine,Serveur,1,0.073,304.8,1
Manager,RH,2,France,Mobile,1,0.25,68.3,0
Employe,Finance,22,France,Serveur,3,0.038,236.6,3
Employe,Production,6,Chine,Serveur,1,0.019,267.8,1
Admin,RH,16,Chine,Mobile,1,0.058,174.0,0
Externe,IT,11,Russie,Serveur,1,0.089,182.5,1
Employe,IT,8,Chine,Mobile,2,0.078,165.2,0
Employe,IT,14,Russie,Desktop,1,0.091,69.5,0
Manager,Production,17,USA,Mobile,2,0.0,77.3,0
Employe,Finance,20,France,Desktop,3,0.12,80.3,0
Employe,IT,12,Chine,Mobile,2,0.091,205.8,0
Admin,Production,20,France,Mobile,3,0.0,81.2,0
Manager,RH,7,France,Desktop,2,0.029,61.5,0
Employe,Finance,13,France,Desktop,1,0.05,89.9,0
Manager,RH,7,USA,Serveur,2,0.014,187.4,2
Employe,Production,13,Maroc,Mobile,3,0.006,68.6,0
Externe,IT,6,Chine,Desktop,2,0.146,155.3,0
Employe,IT,22,Maroc,Mobile,0,0.006,89.6,0
Employe,Production,11,Maroc,Mobile,3,0.067,64.2,0
Externe,IT,10,Maroc,Mobile,1,0.0,70.8,0
Employe,Finance,21,France,Serveur,1,0.0,196.6,1
Admin,Production,21,Russie,Mobile,4,0.035,90.7,0
Admin,RH,10,France,Desktop,3,0.114,74.8,0
Manager,Production,21,France,Serveur,3,0.085,252.7,3
Employe,Finance,12,Maroc,Serveur,2,0.011,194.5,2
Manager,Finance,17,France,Desktop,1,0.048,87.5,0
Employe,Production,1,Maroc,Desktop,1,0.307,77.9,0
Admin,Production,20,Russie,Desktop,0,0.012,71.1,0
Admin,IT,14,Chine,Mobile,4,0.091,182.0,0
Employe,Finance,19,Maroc,Mobile,3,0.081,70.0,0
Employe,Production,17,Russie,Mobile,0,0.015,78.1,0
Employe,Production,14,Chine,Serveur,0,0.021,255.9,0
Employe,Finance,18,USA,Mobile,6,0.183,80.0,0
Externe,Production,22,Maroc,Desktop,2,0.072,86.8,0
Employe,IT,23,Maroc,Desktop,6,0.103,97.1,0
Employe,Finance,11,USA,Mobile,0,0.0,65.4,0
Manager,IT,12,USA,Desktop,2,0.102,65.3,0
Employe,IT,21,Maroc,Mobile,0,0.006,69.5,0
Employe,IT,10,USA,Serveur,1,0.001,171.1,1
Externe,IT,4,France,Desktop,6,0.388,59.8,0
Externe,Finance,0,Chine,Mobile,1,0.334,159.6,0
Admin,IT,23,Chine,Mobile,2,0.0,179.8,0
Externe,IT,2,Chine,Mobile,1,0.384,176.4,0
Employe,Production,21,France,Desktop,1,0.0,82.2,0
Employe,Finance,18,USA,Mobile,4,0.154,108.6,0
Employe,Finance,22,Russie,Desktop,5,0.086,66.3,0
Externe,RH,6,USA,Serveur,3,0.006,232.4,3
Employe,Finance,11,Maroc,Desktop,1,0.029,63.2,0
Employe,Finance,14,Chine,Mobile,2,0.0,161.4,0
Employe,RH,4,USA,Mobile,3,0.362,70.2,0
Employe,Finance,14,Russie,Serveur,3,0.031,241.2,3
Admin,Finance,7,Maroc,Desktop,3,0.107,75.6,0
Admin,Finance,9,France,Desktop,3,0.067,67.1,0
Admin,Finance,15,France,Desktop,2,0.0,65.6,0
Employe,RH,7,Russie,Desktop,3,0.03,65.0,0
Admin,Finance,0,Maroc,Desktop,5,0.435,65.1,0
Employe,Finance,11,Chine,Mobile,0,0.064,157.8,0
Employe,RH,4,USA,Desktop,1,0.318,66.2,0
Employe,Production,2,Maroc,Desktop,3,0.308,67.6,0
Externe,IT,0,France,Serveur,1,0.373,175.6,1
Employe,Production,3,Russie,Desktop,0,0.335,71.2,0
Manager,RH,7,Russie,Desktop,1,0.085,58.6,0
Employe,IT,2,USA,Desktop,3,0.375,71.2,0
Employe,RH,9,Russie,Serveur,3,0.034,236.1,3
Admin,RH,1,Russie,Desktop,3,0.386,68.2,0
Employe,Finance,10,Maroc,Serveur,2,0.056,207.6,2
Employe,IT,9,Chine,Mobile,2,0.011,185.7,0
Employe,Finance,20,USA,Desktop,2,0.05,93.1,0
Admin,IT,13,Maroc,Serveur,3,0.05,244.5,3
Admin,RH,6,Chine,Desktop,2,0.077,154.1,0
Employe,RH,1,Maroc,Desktop,1,0.345,62.4,0
Employe,Production,8,Maroc,Serveur,2,0.0,218.2,2
Employe,IT,15,Russie,Mobile,3,0.002,67.0,0
Employe,Finance,12,Chine,Mobile,1,0.016,167.0,0
Manager,Production,8,USA,Desktop,3,0.062,62.3,0
Admin,Production,19,USA,Mobile,1,0.058,84.5,0
Manager,Production,3,Chine,Mobile,1,0.346,164.0,0
Employe,Finance,21,Russie,Desktop,0,0.073,86.2,0
Admin,Production,9,France,Desktop,1,0.0,59.4,0
Externe,Finance,21,Maroc,Desktop,1,0.0,94.6,0
Externe,Production,11,Russie,Desktop,0,0.0,59.6,0
Admin,Finance,16,Chine,Serveur,0,0.037,265.3,0
Employe,RH,13,Maroc,Mobile,1,0.021,64.5,0
Manager,RH,13,USA,Serveur,1,0.0,171.0,1
Manager,RH,1,France,Desktop,2,0.35,58.5,0
Employe,RH,20,USA,Mobile,0,0.013,63.4,0
Employe,RH,19,Chine,Desktop,2,0.033,184.2,0
Employe,Production,10,Maroc,Desktop,0,0.015,54.0,0
Employe,Production,15,Chine,Desktop,2,0.0,168.9,0
Employe,Production,18,Maroc,Desktop,4,0.162,91.1,0
Employe,Finance,22,Russie,Mobile,0,0.019,91.1,0
Employe,Finance,5,France,Serveur,1,0.231,162.4,1
Manager,Finance,23,Russie,Mobile,3,0.06,90.0,0
Admin,Finance,18,Russie,Desktop,3,0.08,91.6,0
Employe,RH,4,Chine,Desktop,0,0.244,159.4,0
Manager,RH,3,France,Desktop,1,0.347,73.5,0
Externe,RH,14,Maroc,Mobile,3,0.144,65.3,0
Employe,IT,3,Maroc,Mobile,1,0.288,69.9,0
Employe,Production,19,USA,Serveur,4,0.101,283.9,4
Admin,Finance,9,Maroc,Desktop,0,0.01,70.5,0
Employe,Finance,23,Chine,Mobile,2,0.088,194.0,0
Employe,RH,21,Russie,Mobile,0,0.0,68.0,0
Employe,Finance,2,Russie,Mobile,1,0.267,65.0,0
Employe,Finance,4,Russie,Mobile,2,0.385,85.9,0
Employe,Production,5,France,Mobile,0,0.25,45.6,0
Admin,RH,20,Maroc,Mobile,4,0.17,96.5,0
Employe,Production,21,Chine,Desktop,2,0.068,200.2,0
Employe,IT,7,France,Mobile,2,0.01,46.1,0
Employe,IT,6,USA,Desktop,0,0.055,54.5,0
Admin,IT,20,Chine,Mobile,2,0.04,186.8,0
Externe,RH,9,Chine,Mobile,2,0.029,155.8,0
Employe,Finance,5,Chine,Mobile,0,0.266,181.8,0
Manager,RH,13,Russie,Serveur,0,0.0,160.1,0
Manager,RH,3,Chine,Serveur,1,0.35,264.7,1
Employe,Finance,12,Maroc,Serveur,3,0.0,230.6,3
Admin,Production,19,Chine,Mobile,1,0.0,186.2,0
Employe,IT,16,Russie,Mobile,4,0.102,85.4,0
Employe,Production,22,Chine,Mobile,0,0.0,205.2,0
Manager,IT,6,USA,Serveur,2,0.048,192.1,2
Employe,RH,3,USA,Mobile,3,0.299,81.1,0
Admin,IT,13,Russie,Serveur,3,0.043,232.1,3
Employe,RH,2,Maroc,Serveur,2,0.348,211.9,2
Employe,Production,23,Maroc,Mobile,0,0.0,93.4,0
Employe,RH,4,France,Desktop,2,0.424,43.0,0
Employe,Production,15,Russie,Desktop,1,0.0,81.6,0
Employe,Finance,22,Chine,Serveur,3,0.129,372.0,3
Externe,Finance,19,Russie,Desktop,3,0.052,91.5,0
Employe,Finance,3,France,Serveur,4,0.302,287.1,4
Employe,RH,23,Russie,Mobile,2,0.0,94.2,0
Admin,Finance,23,Russie,Mobile,1,0.029,80.3,0
Employe,IT,1,France,Serveur,2,0.392,219.6,2
Employe,Production,17,Maroc,Mobile,1,0.108,73.9,0
Employe,Production,18,Chine,Mobile,1,0.026,178.9,0
Employe,IT,18,France,Mobile,3,0.001,85.4,0
Employe,RH,16,USA,Desktop,1,0.034,79.8,0
Employe,RH,13,Maroc,Mobile,1,0.0,83.0,0
Externe,Production,18,USA,Desktop,4,0.1,105.9,0
Admin,Finance,21,Maroc,Serveur,3,0.013,240.6,3
Employe,RH,23,Chine,Serveur,3,0.0,351.2,3
Employe,RH,12,Chine,Desktop,1,0.086,174.6,0
Externe,IT,11,Russie,Mobile,4,0.069,64.6,0
Admin,IT,5,USA,Mobile,2,0.342,70.4,0
Employe,Finance,20,Maroc,Desktop,2,0.09,91.4,0
Externe,RH,3,Chine,Serveur,1,0.414,287.5,1
Externe,RH,18,France,Desktop,4,0.116,84.1,0
Manager,IT,15,Chine,Desktop,1,0.025,175.0,0
Employe,RH,12,France,Mobile,4,0.103,69.9,0
Employe,Production,3,Maroc,Mobile,3,0.345,82.4,0
Manager,IT,22,Chine,Mobile,2,0.042,201.3,0
Externe,Finance,16,Chine,Mobile,1,0.027,185.3,0
Employe,IT,22,Maroc,Mobile,1,0.0,71.5,0
Employe,RH,0,Chine,Mobile,1,0.321,160.2,0
Employe,Finance,17,France,Desktop,5,0.118,82.2,0
Manager,IT,19,Chine,Desktop,2,0.066,171.7,0
Employe,Production,16,USA,Desktop,0,0.022,75.7,0
Employe,Production,14,Russie,Desktop,2,0.0,71.2,0
Employe,IT,10,France,Mobile,6,0.181,83.1,0
Employe,Production,21,USA,Desktop,0,0.057,78.8,0
Employe,Production,12,Maroc,Desktop,3,0.055,81.8,0
Admin,Production,0,France,Desktop,0,0.323,53.3,0
Employe,Finance,16,Russie,Serveur,1,0.009,176.2,1
Employe,Production,5,Russie,Serveur,1,0.358,178.0,1
Employe,Production,3,Maroc,Mobile,0,0.259,65.4,0
Employe,Production,19,Maroc,Serveur,3,0.127,229.4,3
Employe,Finance,15,France,Mobile,2,0.075,80.1,0
Employe,IT,14,Chine,Mobile,2,0.076,191.1,0
Admin,RH,14,Maroc,Desktop,1,0.015,78.1,0
Employe,Production,5,Chine,Mobile,2,0.269,166.2,0
Admin,IT,14,USA,Mobile,3,0.104,64.3,0
Admin,Production,13,Russie,Mobile,2,0.0,51.4,0
Externe,Finance,10,Chine,Mobile,0,0.045,150.4,0
Employe,IT,6,Russie,Mobile,4,0.041,59.3,0
Manager,Finance,8,Chine,Mobile,2,0.0,183.1,0
Employe,Production,15,USA,Serveur,2,0.04,186.9,2
Manager,Production,4,Maroc,Desktop,3,0.419,79.8,0
Manager,Finance,19,USA,Mobile,1,0.0,71.7,0
Employe,RH,9,Maroc,Mobile,3,0.14,65.7,0
Employe,Finance,17,Maroc,Mobile,0,0.033,67.4,0
Employe,Production,2,Russie,Mobile,0,0.308,51.6,0
Employe,Finance,12,USA,Desktop,2,0.018,70.0,0
Externe,RH,10,Chine,Mobile,5,0.082,170.9,0
Manager,Finance,16,USA,Desktop,1,0.042,82.3,0
Externe,RH,21,Russie,Mobile,3,0.102,68.7,0
Admin,RH,12,Maroc,Mobile,1,0.0,76.7,0
Manager,Finance,5,Russie,Mobile,0,0.26,76.8,0
Externe,Finance,16,France,Desktop,4,0.069,81.0,0
Employe,IT,12,France,Mobile,1,0.09,67.4,0
Admin,Production,18,Chine,Desktop,3,0.0,180.1,0
Manager,RH,20,Russie,Serveur,0,0.057,160.7,0
Employe,IT,18,Chine,Serveur,1,0.022,297.6,1
Manager,Finance,9,Chine,Serveur,0,0.0,239.8,0
Admin,Production,2,France,Mobile,3,0.337,67.6,0
Manager,IT,13,Chine,Mobile,1,0.05,154.1,0
Employe,RH,18,France,Desktop,1,0.11,84.5,0
Employe,IT,4,Maroc,Desktop,3,0.294,60.2,0
Employe,RH,4,Russie,Mobile,2,0.199,69.1,0
Manager,Finance,19,Chine,Mobile,6,0.055,188.6,0
Manager,Production,16,France,Serveur,4,0.137,273.4,4
Employe,Production,20,USA,Desktop,1,0.0,80.3,0
Employe,Production,9,Chine,Serveur,1,0.095,279.0,1
Externe,Finance,4,Maroc,Mobile,3,0.421,76.5,0
Employe,RH,3,Maroc,Mobile,2,0.35,76.4,0
Manager,Finance,5,USA,Desktop,1,0.289,75.6,0
Employe,Production,3,France,Desktop,2,0.343,64.4,0
Employe,Finance,6,Chine,Mobile,0,0.031,176.2,0
Employe,Finance,6,France,Mobile,2,0.063,69.0,0
Employe,Finance,17,Maroc,Desktop,4,0.167,96.2,0
Manager,RH,2,France,Mobile,3,0.347,70.3,0
Employe,IT,0,Maroc,Serveur,2,0.275,205.1,2
Employe,IT,23,France,Serveur,1,0.0,193.3,1
Externe,Finance,3,USA,Serveur,1,0.236,169.5,1
Employe,IT,5,Russie,Desktop,0,0.31,79.6,0
Employe,IT,8,USA,Desktop,0,0.0,64.6,0
Externe,Finance,21,USA,Mobile,3,0.062,82.6,0
Employe,Finance,13,Russie,Mobile,0,0.0,59.3,0
Admin,Production,11,Russie,Desktop,3,0.004,82.2,0
Externe,IT,19,Chine,Desktop,2,0.071,182.5,0
Employe,RH,23,Chine,Mobile,0,0.0,172.2,0
Employe,Finance,3,USA,Desktop,4,0.34,68.9,0
Admin,Production,20,USA,Desktop,0,0.039,79.6,0
Manager,RH,23,Maroc,Desktop,2,0.0,82.1,0
Employe,IT,11,Maroc,Desktop,2,0.06,74.6,0
Employe,Production,9,Chine,Mobile,3,0.02,162.3,0
Externe,Finance,21,Chine,Mobile,5,0.077,181.5,0
Manager,RH,6,Maroc,Mobile,1,0.049,74.6,0
Employe,Finance,2,Maroc,Desktop,0,0.236,45.0,0
Employe,IT,22,France,Desktop,2,0.077,85.6,0
Employe,RH,13,France,Mobile,1,0.022,79.7,0
Manager,IT,23,Maroc,Mobile,3,0.123,95.7,0
Admin,IT,9,France,Mobile,5,0.11,78.1,0
Employe,Production,15,Russie,Desktop,2,0.0,92.7,0
Manager,Finance,15,Chine,Serveur,1,0.106,303.7,1
Externe,RH,21,Chine,Desktop,2,0.0,169.9,0
Employe,IT,9,Maroc,Mobile,1,0.009,47.7,0
Manager,IT,12,USA,Mobile,1,0.068,74.0,0
Admin,RH,5,Maroc,Mobile,1,0.226,53.0,0
Manager,IT,11,France,Desktop,3,0.132,52.5,0
Admin,Production,8,USA,Mobile,2,0.0,65.2,0
Employe,Production,12,France,Mobile,1,0.0,73.7,0
Manager,Production,3,Russie,Desktop,0,0.314,84.2,0
Admin,Production,23,France,Desktop,1,0.018,92.9,0
Employe,IT,10,Russie,Desktop,1,0.059,86.6,0
Manager,RH,19,Russie,Serveur,0,0.0,162.1,0
Manager,RH,17,France,Desktop,2,0.076,67.2,0
Employe,RH,10,France,Serveur,1,0.06,185.6,1
Manager,RH,20,Russie,Mobile,1,0.071,96.2,0
Employe,Finance,3,USA,Serveur,2,0.261,208.8,2
Employe,RH,17,Russie,Serveur,2,0.0,230.0,2
Employe,Finance,0,Chine,Mobile,3,0.343,162.5,0
Employe,Finance,6,Russie,Desktop,4,0.012,64.9,0
Externe,Production,5,USA,Desktop,1,0.23,64.9,0
Employe,Finance,14,Chine,Desktop,2,0.021,195.6,0
Employe,IT,17,Maroc,Mobile,0,0.012,84.4,0
Employe,Finance,23,Maroc,Desktop,2,0.18,80.5,0
Externe,Production,10,USA,Desktop,2,0.067,86.2,0
Employe,Finance,19,Russie,Mobile,2,0.128,76.3,0
Employe,IT,23,France,Serveur,2,0.038,226.1,2
Employe,IT,14,USA,Desktop,0,0.028,76.8,0
Employe,IT,15,Chine,Desktop,3,0.053,180.1,0
Admin,Production,6,Chine,Desktop,2,0.174,170.8,0
Externe,Production,20,Maroc,Serveur,2,0.006,208.9,2
Externe,RH,9,Chine,Mobile,3,0.033,169.7,0
Employe,Production,11,USA,Desktop,1,0.06,79.9,0
Manager,IT,23,Chine,Desktop,0,0.01,195.6,0
Externe,IT,13,USA,Desktop,3,0.039,58.0,0
Manager,Production,4,France,Desktop,0,0.348,63.4,0
Employe,Finance,20,Maroc,Serveur,1,0.018,180.3,1
Employe,Production,17,Chine,Mobile,5,0.098,182.8,0
Employe,Production,4,USA,Mobile,1,0.332,53.7,0
Employe,IT,2,Russie,Serveur,1,0.233,161.1,1
Manager,RH,22,Maroc,Desktop,5,0.02,77.2,0
Externe,IT,4,France,Mobile,5,0.454,56.2,0
Externe,RH,23,USA,Serveur,4,0.046,286.1,4
Employe,IT,16,France,Desktop,2,0.033,54.3,0
Admin,Production,18,France,Mobile,0,0.081,85.1,0
Externe,IT,18,Chine,Desktop,1,0.016,173.7,0
Manager,IT,20,Chine,Desktop,5,0.089,177.3,0
Admin,IT,11,USA,Desktop,3,0.105,66.1,0
Externe,Production,8,Russie,Mobile,0,0.0,61.4,0
Externe,Production,0,USA,Mobile,1,0.38,71.1,0
Employe,Production,17,Russie,Serveur,1,0.064,201.2,1
Employe,Production,20,France,Mobile,2,0.132,95.4,0
Employe,RH,3,Maroc,Serveur,4,0.345,290.6,4
Admin,RH,9,USA,Serveur,2,0.108,214.6,2
Employe,Finance,6,USA,Desktop,1,0.048,62.3,0
Manager,Production,21,Russie,Mobile,1,0.0,76.9,0
Admin,RH,22,France,Desktop,3,0.0,78.8,0
Employe,IT,0,France,Mobile,2,0.3,67.4,0
Employe,Production,16,Russie,Serveur,3,0.075,237.0,3
Employe,Finance,23,France,Desktop,2,0.062,89.3,0
Externe,Finance,1,Chine,Mobile,1,0.317,164.0,0
Employe,Finance,10,Maroc,Mobile,0,0.0,57.7,0
Employe,IT,8,USA,Mobile,4,0.074,54.4,0
Manager,RH,6,Maroc,Desktop,5,0.152,90.3,0
Employe,IT,21,USA,Desktop,3,0.0,67.5,0
Employe,Production,16,Chine,Desktop,0,0.013,173.9,0
Employe,Finance,16,France,Desktop,1,0.0,86.2,0
Admin,IT,1,Russie,Desktop,4,0.335,70.2,0
Employe,IT,5,Chine,Mobile,3,0.419,169.5,0
Employe,RH,13,Maroc,Desktop,2,0.0,57.6,0
Employe,RH,5,Russie,Serveur,2,0.333,212.1,2
Externe,Finance,1,France,Mobile,2,0.438,42.6,0
Employe,IT,0,Chine,Mobile,4,0.422,168.6,0
Employe,IT,9,Russie,Mobile,1,0.0,63.8,0
Employe,RH,20,Chine,Mobile,0,0.0,190.7,0
Admin,IT,4,Chine,Serveur,1,0.259,264.9,1
Manager,IT,1,France,Desktop,5,0.465,66.9,0
Employe,IT,21,USA,Desktop,4,0.131,91.1,0
Externe,RH,15,Russie,Mobile,1,0.054,76.7,0
Admin,Finance,1,France,Desktop,4,0.42,54.9,0
Employe,Production,9,Chine,Desktop,5,0.061,159.5,0
Admin,Finance,1,France,Desktop,0,0.223,74.4,0
Externe,Production,15,USA,Desktop,1,0.048,77.0,0
Employe,IT,15,Russie,Mobile,2,0.084,59.2,0
Employe,Finance,18,USA,Desktop,1,0.1,89.8,0
Admin,Production,6,Maroc,Serveur,4,0.07,245.8,4
Manager,RH,21,Russie,Mobile,2,0.023,79.3,0
Employe,RH,11,USA,Mobile,2,0.028,73.3,0
Externe,Finance,23,Chine,Mobile,3,0.094,200.4,0
Employe,Finance,14,Russie,Serveur,1,0.006,157.9,1
Employe,IT,7,Russie,Desktop,1,0.017,68.3,0
Admin,Finance,5,France,Serveur,0,0.342,159.8,0
Employe,IT,9,Chine,Mobile,4,0.049,159.9,0
Employe,IT,2,Maroc,Mobile,2,0.41,70.3,0
Admin,RH,18,USA,Mobile,1,0.052,48.5,0
Manager,RH,16,France,Desktop,2,0.0,46.5,0
Employe,Production,6,USA,Mobile,1,0.0,70.1,0
Employe,RH,20,Maroc,Mobile,1,0.0,74.6,0
Employe,RH,19,Maroc,Desktop,0,0.0,75.0,0
Employe,Finance,3,Russie,Mobile,0,0.275,67.9,0
Employe,RH,13,Maroc,Desktop,2,0.082,69.1,0
Employe,Production,19,USA,Desktop,2,0.0,73.9,0
Employe,Finance,21,Chine,Desktop,7,0.159,191.8,0
Externe,Production,14,Chine,Desktop,3,0.088,159.6,0
Externe,RH,23,Russie,Mobile,3,0.073,99.0,0
Employe,Production,7,USA,Desktop,5,0.157,64.5,0
Employe,Finance,20,USA,Serveur,3,0.163,246.5,3
Employe,IT,14,Maroc,Mobile,1,0.026,60.6,0
Employe,Production,21,USA,Desktop,2,0.06,84.3,0
Admin,Production,19,France,Mobile,0,0.0,75.4,0
Employe,Finance,13,Maroc,Serveur,2,0.0,194.0,2
Manager,Finance,8,France,Mobile,3,0.112,60.4,0
Manager,Production,7,Russie,Desktop,5,0.145,58.2,0
Admin,RH,16,Chine,Serveur,2,0.0,326.6,2
Employe,Production,1,Russie,Mobile,1,0.255,63.0,0
Employe,Finance,23,Chine,Desktop,3,0.028,201.3,0
Manager,IT,2,Russie,Desktop,0,0.293,57.6,0
Admin,IT,7,USA,Mobile,3,0.04,59.2,0
Admin,RH,11,France,Desktop,3,0.068,73.1,0
Manager,Production,0,Chine,Serveur,5,0.446,403.9,5
Employe,IT,9,Maroc,Desktop,2,0.063,73.2,0
Manager,Production,19,France,Serveur,0,0.027,150.7,0
Employe,Finance,2,Maroc,Mobile,1,0.197,52.3,0
Admin,IT,5,France,Desktop,3,0.279,65.1,0
Employe,RH,6,France,Desktop,4,0.04,75.4,0
Manager,Finance,19,Russie,Mobile,4,0.048,70.4,0
Externe,RH,22,Chine,Mobile,3,0.102,181.8,0
Manager,Finance,17,Chine,Mobile,1,0.0,182.8,0
Employe,IT,10,France,Desktop,0,0.033,73.1,0
Manager,RH,18,USA,Desktop,2,0.001,82.6,0
Employe,RH,4,USA,Desktop,3,0.3,68.8,0
Employe,Finance,18,Maroc,Mobile,2,0.0,66.3,0
Externe,RH,10,Maroc,Desktop,1,0.133,63.4,0
Admin,Finance,23,Russie,Mobile,3,0.02,96.6,0
Admin,Finance,11,France,Mobile,1,0.055,76.4,0
Employe,Finance,9,Maroc,Serveur,3,0.0,220.2,3
Admin,Finance,7,Maroc,Desktop,3,0.131,74.4,0
Employe,IT,23,France,Desktop,4,0.097,101.5,0
Employe,Finance,8,Russie,Mobile,2,0.054,64.7,0
Employe,Production,3,Maroc,Mobile,1,0.341,72.4,0
Externe,RH,4,Russie,Desktop,3,0.386,81.6,0
Manager,Production,20,Chine,Serveur,1,0.06,285.5,1
Employe,IT,7,Russie,Serveur,5,0.07,316.6,5
Employe,Production,22,USA,Desktop,2,0.007,95.5,0
Employe,RH,8,USA,Desktop,3,0.062,69.7,0
Employe,Production,14,Russie,Mobile,0,0.034,72.0,0
Employe,IT,14,USA,Mobile,1,0.017,76.6,0
Employe,Finance,15,Chine,Desktop,4,0.119,161.6,0
Employe,Production,13,France,Mobile,1,0.051,92.4,0
Employe,IT,7,USA,Mobile,5,0.089,75.4,0
Employe,IT,17,USA,Desktop,0,0.0,90.1,0
Employe,RH,9,Russie,Mobile,2,0.015,64.4,0
Externe,RH,19,Chine,Serveur,4,0.167,381.6,4
Manager,Production,5,France,Desktop,2,0.357,65.0,0
Admin,Finance,11,Russie,Desktop,2,0.008,75.0,0
Externe,IT,1,Russie,Mobile,2,0.353,60.5,0
Employe,Production,6,Chine,Serveur,1,0.054,269.3,1
Externe,IT,15,France,Serveur,2,0.008,218.3,2
Manager,IT,2,Chine,Mobile,1,0.382,161.7,0
Employe,Finance,12,France,Mobile,2,0.065,81.0,0
Admin,Finance,2,Chine,Mobile,2,0.285,164.2,0
Employe,Production,17,Russie,Mobile,0,0.043,62.1,0
Employe,Finance,10,Russie,Desktop,3,0.04,59.9,0
Employe,Finance,7,Maroc,Desktop,2,0.031,74.8,0
Employe,Production,5,USA,Desktop,0,0.249,58.1,0
Admin,Finance,0,Chine,Mobile,3,0.392,174.6,0
Manager,RH,0,Maroc,Desktop,2,0.333,64.5,0
Externe,IT,22,USA,Serveur,4,0.114,285.8,4
Employe,IT,7,Chine,Desktop,0,0.0,185.6,0
Employe,IT,4,France,Desktop,3,0.327,56.2,0
Employe,IT,15,USA,Mobile,2,0.003,65.2,0
Admin,Production,10,Russie,Mobile,2,0.06,67.2,0
Externe,IT,4,Maroc,Desktop,3,0.326,93.2,0
Admin,IT,3,USA,Desktop,2,0.33,67.5,0
Employe,IT,5,USA,Serveur,2,0.314,212.8,2
Employe,IT,13,Russie,Desktop,1,0.042,67.8,0
Employe,RH,21,Chine,Desktop,0,0.0,185.1,0
Manager,IT,18,France,Serveur,1,0.032,185.6,1
Manager,RH,8,Russie,Desktop,3,0.147,74.8,0
Employe,Production,11,France,Mobile,1,0.082,77.5,0
Admin,Finance,10,Chine,Desktop,2,0.009,163.0,0
Admin,IT,13,USA,Desktop,0,0.025,59.2,0
Externe,Finance,22,France,Desktop,0,0.015,84.5,0
Externe,Finance,15,Maroc,Desktop,1,0.093,90.3,0
Employe,Production,0,Maroc,Desktop,1,0.194,49.5,0
Employe,Finance,12,Russie,Desktop,4,0.136,76.8,0
Manager,RH,22,Chine,Mobile,2,0.027,172.0,0
Employe,Finance,20,Russie,Desktop,3,0.023,70.5,0
Externe,Finance,20,Russie,Mobile,0,0.0,93.0,0
Employe,Finance,12,Russie,Serveur,1,0.0,184.9,1
Employe,IT,1,Maroc,Mobile,2,0.309,67.4,0
Employe,IT,3,Maroc,Desktop,2,0.286,42.7,0
Admin,RH,5,Russie,Serveur,6,0.429,329.1,6
Employe,RH,22,Maroc,Desktop,3,0.089,92.6,0
Manager,IT,4,Chine,Desktop,2,0.327,154.6,0
Admin,RH,2,Russie,Mobile,2,0.415,66.1,0
Employe,IT,0,Maroc,Mobile,2,0.313,70.2,0
Employe,Production,3,France,Mobile,2,0.325,52.4,0
Employe,Finance,19,Russie,Desktop,4,0.056,64.0,0
Employe,Finance,1,Russie,Mobile,1,0.35,50.6,0
Employe,RH,4,Chine,Desktop,2,0.375,174.3,0
Manager,IT,2,USA,Serveur,2,0.365,202.0,2
Employe,IT,8,USA,Desktop,0,0.0,70.8,0
Employe,RH,19,Chine,Serveur,2,0.0,319.7,2
Employe,IT,5,Chine,Mobile,3,0.344,190.1,0
Manager,Production,17,Chine,Serveur,5,0.174,400.1,5
Externe,Finance,5,USA,Mobile,1,0.371,75.6,0
Manager,RH,18,Chine,Mobile,0,0.015,169.6,0
Employe,RH,11,Maroc,Desktop,2,0.021,73.3,0
Admin,IT,10,Russie,Desktop,2,0.039,67.8,0
Employe,RH,1,Russie,Desktop,0,0.281,52.8,0
Employe,Production,14,France,Serveur,2,0.1,213.4,2
Admin,IT,11,France,Serveur,6,0.078,330.4,6
Employe,IT,11,Russie,Mobile,0,0.046,62.4,0
Employe,IT,8,Maroc,Desktop,0,0.0,69.3,0
Employe,IT,20,USA,Desktop,3,0.126,74.7,0
Manager,Production,23,USA,Mobile,7,0.161,111.9,0
Admin,IT,1,Maroc,Mobile,1,0.283,72.3,0
Admin,RH,21,USA,Mobile,1,0.005,85.2,0
Manager,Production,2,Chine,Serveur,3,0.396,367.3,3
Employe,Finance,11,Russie,Desktop,2,0.015,64.0,0
Manager,Finance,15,Russie,Mobile,1,0.021,79.5,0
Employe,RH,20,Maroc,Mobile,2,0.014,82.8,0
Employe,RH,23,USA,Desktop,4,0.168,99.2,0
Manager,Production,0,France,Desktop,2,0.437,82.4,0
Manager,Finance,20,France,Desktop,3,0.133,90.8,0
Manager,Finance,2,USA,Serveur,2,0.334,216.8,2
Employe,Finance,19,France,Mobile,4,0.06,75.4,0
Employe,Finance,1,Maroc,Mobile,3,0.321,62.3,0
Employe,Finance,8,Maroc,Serveur,2,0.117,223.1,2
Admin,IT,18,USA,Mobile,1,0.067,85.6,0
Externe,RH,14,France,Desktop,1,0.069,76.2,0
Admin,IT,17,Maroc,Mobile,2,0.028,69.1,0
Externe,Finance,10,Maroc,Mobile,2,0.0,74.7,0
Employe,Production,22,Chine,Mobile,2,0.0,175.2,0
